f1,precision,recall,TP,TN,FP,FN,ROC/AUC,threshold,Hit@100%,Hit@150%,NDCG@100%,NDCG@150%,overall_mse,model,dataset
0.0,0.0,0.0,0,169,71985,0,0,0.0001820332,,,,,0.007984979,ConvLSTMAutoencoder,PAMAP2_raw_w100
0.8547074779406649,0.7462862183786129,0.9999999996715281,30444,0,10350,0,0.5,0.0014023167,1.0,1.0,1.0,1.0,1.0287728,LSTMAutoencoder,PAMAP2_normact
0.8547074779406649,0.7462862183786129,0.9999999996715281,30444,0,10350,0,0.5,0.0022017176,1.0,1.0,1.0,1.0,0.786474,GRUAutoencoder,PAMAP2_normact
0.8547074779406649,0.7462862183786129,0.9999999996715281,30444,0,10350,0,0.5,1.2040069e-05,1.0,1.0,1.0,1.0,0.16084507,ConvLSTMAutoencoder,PAMAP2_normact
0.8547074779406649,0.7462862183786129,0.9999999996715281,30444,0,10350,0,0.5,4.822744e-06,1.0,1.0,1.0,1.0,0.14713466,ConvGRUAutoencoder,PAMAP2_normact
0.8547074779406649,0.7462862183786129,0.9999999996715281,30444,0,10350,0,0.5,0.00061855005,1.0,1.0,1.0,1.0,0.1737693,ConvLSTMAttentionAutoencoder,PAMAP2_normact
0.8547074779406649,0.7462862183786129,0.9999999996715281,30444,0,10350,0,0.5,0.00073447794,1.0,1.0,1.0,1.0,0.16696088,ConvGRUAttentionAutoencoder,PAMAP2_normact
0.8547074779406649,0.7462862183786129,0.9999999996715281,30444,0,10350,0,0.5,0.00074434007,1.0,1.0,1.0,1.0,0.12017007,ConvGRUAttentionAutoencoder,PAMAP2_normact
0.8557552829420961,0.7502178963720577,0.9958466546956853,272858.0,2303.0,90847.0,1138.0,0.49658333846405456,1.0,1.0,1.0,1.0,0.10111911,ConvGRUAttentionAutoencoder,PAMAP2_normact
0.8547065598868819,0.7462854870472088,0.99998540124673,273992.0,1.0,93149.0,4.0,0.4999908757792085,1.0,1.0,1.0,1.0,1.0287728,LSTMAutoencoder,PAMAP2_normact
0.8548463352078935,0.7466614329056349,0.9996934261814004,273912.0,213.0,92937.0,84.0,0.4994939839384093,1.0,1.0,1.0,1.0,0.786474,GRUAutoencoder,PAMAP2_normact
0.8554608050504128,0.7482027569121033,0.9986167681279983,273617.0,1068.0,92082.0,379.0,0.4975033011166354,1.0,1.0,1.0,1.0,0.16084507,ConvLSTMAutoencoder,PAMAP2_normact
0.8540236344964869,0.7497531157073559,0.9919816347683872,271799.0,2431.0,90719.0,2197.0,0.49360449248069,1.0,1.0,1.0,1.0,0.1470882,ConvGRUAutoencoder,PAMAP2_normact
0.8540779371826286,0.7470869165627236,0.9968357202294889,273129.0,687.0,92463.0,867.0,0.49814956888188994,1.0,1.0,1.0,1.0,0.1737693,ConvLSTMAttentionAutoencoder,PAMAP2_normact
0.8540779371826286,0.7470869165627236,0.9968357202294889,273129.0,687.0,92463.0,867.0,0.49814956888188994,1.0,1.0,1.0,1.0,0.1737693,ConvLSTMAttentionAutoencoder,PAMAP2_normact
0.8544727089447592,0.7469905516843877,0.998083913633772,273471.0,524.0,92626.0,525.0,0.49822958909164233,1.0,1.0,1.0,1.0,0.16680403,ConvGRUAttentionAutoencoder,PAMAP2_normact
0.85471234558431,0.7462922762223552,0.9999890509350465,273993.0,4.0,93146.0,3.0,0.49998722609089186,1.0,1.0,1.0,1.0,0.7751826,TransformerEncoderDecoder,PAMAP2_normact
0.8535174181368523,0.7478948900619017,0.9938794726930285,272319.0,1355.0,91795.0,1677.0,0.4962292425299343,1.0,1.0,1.0,1.0,0.28881666,VanillaTransformer,PAMAP2_normact
for PAMAP2_normact DATASET:
LSTMAutoencoder: 28.1041 s
GRUAutoencoder: 24.5931 s
ConvLSTMAutoencoder: 1591.0516 s
ConvGRUAutoencoder: 1927.2850 s
ConvLSTMAttentionAutoencoder: 2402.2894 s
ConvGRUAttentionAutoencoder: 3316.2842 s
TransformerEncoderDecoder: 190.8058 s
VanillaTransformer: 23.8629 smodel,dataset,f1,precision,recall,TP,TN,FP,FN,ROC/AUC,threshold,Hit@100%,Hit@150%,NDCG@100%,NDCG@150%,overall_mse,training_time_s
LSTMAutoencoder,SMD,0.19537406783500022,0.10829751448327406,0.9970578620464118,115900,9798,954300,342,0.9583654088205176,,0.4200719189277542,0.538411245505067,,,0.0016598948,8.385237693786621
model,dataset,f1,precision,recall,TP,TN,FP,FN,ROC/AUC,threshold,Hit@100%,Hit@150%,NDCG@100%,NDCG@150%,overall_mse,training_time_s
GRUAutoencoder,SMD,0.19605269134618758,0.10868491551551243,0.999569862872275,116192,11218,952880,50,0.9547755505744894,,0.15102974828375287,0.17162471395881007,,,0.0010488913,7.280683279037476
model,dataset,n_window,f1,precision,recall,TP,TN,FP,FN,ROC/AUC,threshold,Hit@100%,Hit@150%,NDCG@100%,NDCG@150%,overall_mse,training_time_s
LSTMAutoencoder,SMD,10,0.1767413377985253,0.09695280003135086,0.9983282411944332,103908,9948,967830,174,0.9312110387345219,,0.11683096020445419,0.30704636728733115,,,0.0011954588,5.900822877883911
model,dataset,n_window,f1,precision,recall,TP,TN,FP,FN,ROC/AUC,threshold,Hit@100%,Hit@150%,NDCG@100%,NDCG@150%,overall_mse,training_time_s
GRUAutoencoder,SMD,10,0.17717954449287485,0.09721340223058748,0.9986645145173901,103943,12496,965282,139,0.9275992682967907,,0.09309967141292443,0.1383716684921504,,,0.00082450954,5.722508430480957
model,dataset,n_window,f1,precision,recall,TP,TN,FP,FN,ROC/AUC,threshold,Hit@100%,Hit@150%,NDCG@100%,NDCG@150%,overall_mse,training_time_s
LSTMAutoencoder,SMD,20,0.18182559770129028,0.10001710780817184,0.9987397546722335,106987,11658,962700,135,0.94931632267567,,0.40723660872649875,0.539198297268535,,,0.0013922619,6.238412141799927
model,dataset,n_window,f1,precision,recall,TP,TN,FP,FN,ROC/AUC,threshold,Hit@100%,Hit@150%,NDCG@100%,NDCG@150%,overall_mse,training_time_s
LSTMAutoencoder,SMD,20,0.18182559770129028,0.10001710780817184,0.9987397546722335,106987,11658,962700,135,0.94931632267567,,0.40723660872649875,0.539198297268535,,,0.0013922619,10.236042022705078
model,dataset,n_window,f1,precision,recall,TP,TN,FP,FN,ROC/AUC,threshold,Hit@100%,Hit@150%,NDCG@100%,NDCG@150%,overall_mse,training_time_s
GRUAutoencoder,SMD,20,0.18202108765348543,0.10014989720932448,0.9973021414835328,106833,14460,959898,289,0.9400612149813995,,0.06775452288045407,0.11883646683221,,,0.0008927736,6.631537199020386
model,dataset,n_window,f1,precision,recall,TP,TN,FP,FN,ROC/AUC,threshold,Hit@100%,Hit@150%,NDCG@100%,NDCG@150%,overall_mse,training_time_s
GRUAutoencoder,SMD,20,0.9930739672206321,0.9936079510170172,0.9925505463194375,2798,25623,18,21,0.9399777294420785,0.0038237081235274676,0.06172401560837176,0.10251862362539908,,,0.0006719591,6.879306077957153
model,dataset,n_window,f1,precision,recall,TP,TN,FP,FN,ROC/AUC,threshold,Hit@100%,Hit@150%,NDCG@100%,NDCG@150%,overall_mse,training_time_s
TransformerEncoderDecoder,SMD,20,0.9043868028076354,0.9999999957026213,0.8254700219032635,2327,25641,0,492,0.9514916435810371,0.025710963802557683,0.5157857396239801,0.5200425682866264,,,0.0023483208,35.0712947845459
model,dataset,n_window,f1,precision,recall,TP,TN,FP,FN,ROC/AUC,threshold,Hit@100%,Hit@150%,NDCG@100%,NDCG@150%,overall_mse,training_time_s
LSTMAutoencoder,SMD,10,0.9662112161756613,0.9417677610337338,0.9919678678643012,2717,25563,168,22,0.9312110387345219,0.007945626078544592,0.11683096020445419,0.30704636728733115,,,0.0011954588,5.8266215324401855
model,dataset,n_window,f1,precision,recall,TP,TN,FP,FN,ROC/AUC,threshold,Hit@100%,Hit@150%,NDCG@100%,NDCG@150%,overall_mse,training_time_s
GRUAutoencoder,SMD,10,0.9961761203155768,0.9923913007522054,0.9999999963490325,2739,25710,21,0,0.9275992682967907,0.00689544389177172,0.09309967141292443,0.1383716684921504,,,0.00082450954,5.1623759269714355
model,dataset,n_window,f1,precision,recall,TP,TN,FP,FN,ROC/AUC,threshold,Hit@100%,Hit@150%,NDCG@100%,NDCG@150%,overall_mse,training_time_s
ConvLSTMAutoencoder,SMD,10,0.9999949963740323,0.9999999963490325,0.9999999963490325,2739,25731,0,0,0.8936241076175419,0.004242331145251227,0.022635998539612998,0.033588901058780575,,,0.00031830347,77.6539671421051
model,dataset,n_window,f1,precision,recall,TP,TN,FP,FN,ROC/AUC,threshold,Hit@100%,Hit@150%,NDCG@100%,NDCG@150%,overall_mse,training_time_s
GRUAutoencoder,SMD,10,0.17593782117163412,0.09645385075888298,1.0,2739,73,25658,0,0.9252762974765361,3.708854e-05,0.08141657539247901,0.12522818546914932,,,0.00063186383,6.043068885803223
model,dataset,n_window,f1,precision,recall,TP,TN,FP,FN,ROC/AUC,threshold,Hit@100%,Hit@150%,NDCG@100%,NDCG@150%,overall_mse,training_time_s
LSTMAutoencoder,SMD,10,0.17573463364557937,0.09633172721837302,1.0,2739,37,25694,0,0.9352286637798044,3.9391343e-05,0.09090909090909091,0.19350127783862722,,,0.0010218071,6.63376784324646
model,dataset,n_window,f1,precision,recall,TP,TN,FP,FN,ROC/AUC,threshold,Hit@100%,Hit@150%,NDCG@100%,NDCG@150%,overall_mse,training_time_s
LSTMAutoencoder,SMD,10,0.17611882716049382,0.09656266525647805,1.0,2739,105,25626,0,0.9312110387345219,5.2365376e-05,0.11683096020445419,0.30704636728733115,,,0.0011954588,4.972728252410889
model,dataset,n_window,f1,precision,recall,TP,TN,FP,FN,ROC/AUC,threshold,Hit@100%,Hit@150%,NDCG@100%,NDCG@150%,overall_mse,training_time_s
LSTMAutoencoder,SMD,10,0.17573463364557937,0.09633172721837302,1.0,2739,37,25694,0,0.9352286637798044,3.9391343e-05,0.09090909090909091,0.19350127783862722,,,0.0010218071,5.549579858779907
model,dataset,n_window,f1,precision,recall,TP,TN,FP,FN,ROC/AUC,threshold,Hit@100%,Hit@150%,NDCG@100%,NDCG@150%,overall_mse,training_time_s
LSTMAutoencoder,SMD,10,0.7711148648648649,0.6274914089347079,1.0,2739,24105,1626,0,0.9349631595087711,0.0005695525003829997,0.1171960569550931,0.16976998904709747,,,0.00089436077,6.42305326461792
model,dataset,n_window,f1,precision,recall,TP,TN,FP,FN,ROC/AUC,threshold,Hit@100%,Hit@150%,NDCG@100%,NDCG@150%,overall_mse,training_time_s
GRUAutoencoder,SMD,10,0.8310072815533981,0.7108746431352193,1.0,2739,24617,1114,0,0.9240649413344391,0.0006696835899492728,0.08725812340270171,0.1343556042351223,,,0.00056684605,5.825507164001465
model,dataset,n_window,f1,precision,recall,TP,TN,FP,FN,ROC/AUC,threshold,Hit@100%,Hit@150%,NDCG@100%,NDCG@150%,overall_mse,training_time_s
ConvLSTMAutoencoder,SMD,10,0.8999507146377526,0.818100358422939,1.0,2739,25122,609,0,0.8908807030085428,0.0007550039415946242,0.022635998539612998,0.0511135450894487,,,0.00029097576,78.31451678276062
model,dataset,n_window,f1,precision,recall,TP,TN,FP,FN,ROC/AUC,threshold,Hit@100%,Hit@150%,NDCG@100%,NDCG@150%,overall_mse,training_time_s
TransformerEncoderDecoder,SMD,10,0.8409579367516119,0.7255629139072848,1.0,2739,24695,1036,0,0.9500635517504674,0.004432229208759965,0.5100401606425703,0.5129609346476817,,,0.0022142278,33.13265943527222
model,dataset,n_window,f1,precision,recall,TP,TN,FP,FN,ROC/AUC,threshold,Hit@100%,Hit@150%,NDCG@100%,NDCG@150%,overall_mse,training_time_s
VanillaTransformer,SMD,10,0.9329019073569482,0.8742419406319821,1.0,2739,25337,394,0,0.9371930505931356,0.004575179284438491,0.5480102227090179,0.5947426067907996,,,0.0014450209,12.127481937408447
model,dataset,n_window,f1,precision,recall,TP,TN,FP,FN,ROC/AUC,threshold,Hit@100%,Hit@150%,NDCG@100%,NDCG@150%,overall_mse,training_time_s
TranAD,SMD,10,0.9469317199654278,0.8992120814182535,1.0,2739,25424,307,0,0.9274297737868707,0.004596741893328733,0.5184373859072654,0.5640744797371303,,,0.0013886003,28.421996593475342
model,dataset,n_window,f1,precision,recall,TP,TN,FP,FN,ROC/AUC,threshold,Hit@100%,Hit@150%,NDCG@100%,NDCG@150%,overall_mse,training_time_s
ConvLSTMAttentionAutoencoder,SMD,10,0.8713217750914586,0.7719842164599775,1.0,2739,24922,809,0,0.8944690119610157,0.0007972355681704427,0.23658269441401972,0.26140927345746623,,,0.0004598372,137.99428415298462
model,dataset,n_window,f1,precision,recall,TP,TN,FP,FN,ROC/AUC,threshold,Hit@100%,Hit@150%,NDCG@100%,NDCG@150%,overall_mse,training_time_s
ConvGRUAttentionAutoencoder,SMD,10,0.8990645002461841,0.8166368515205724,1.0,2739,25116,615,0,0.8923011338317894,0.0007893859769683357,0.040160642570281124,0.14311792625045638,,,0.00042971736,251.79103302955627
model,dataset,n_window,f1,precision,recall,TP,TN,FP,FN,ROC/AUC,threshold,Hit@100%,Hit@150%,NDCG@100%,NDCG@150%,overall_mse,training_time_s
LSTMAutoencoder,SMAP,10,0.9371221281741233,0.8816837315130831,1.0,775,7617,104,0,0.43847738258875035,0.06382262021303182,0.6438709677419355,0.6606451612903226,,,3766.4885,0.9532809257507324
model,dataset,n_window,f1,precision,recall,TP,TN,FP,FN,ROC/AUC,threshold,Hit@100%,Hit@150%,NDCG@100%,NDCG@150%,overall_mse,training_time_s
GRUAutoencoder,SMAP,10,0.9411050394656952,0.8887614678899083,1.0,775,7624,97,0,0.43233686092809304,0.06154387816786769,0.5264516129032258,0.5277419354838709,,,3766.4766,0.8386244773864746
model,dataset,n_window,f1,precision,recall,TP,TN,FP,FN,ROC/AUC,threshold,Hit@100%,Hit@150%,NDCG@100%,NDCG@150%,overall_mse,training_time_s
ConvLSTMAutoencoder,SMAP,10,0.9359903381642513,0.8796821793416572,1.0,775,7615,106,0,0.4027577073001575,0.06044548735022545,0.6464516129032258,0.6606451612903226,,,3765.616,10.28855276107788
model,dataset,n_window,f1,precision,recall,TP,TN,FP,FN,ROC/AUC,threshold,Hit@100%,Hit@150%,NDCG@100%,NDCG@150%,overall_mse,training_time_s
TransformerEncoderDecoder,SMAP,10,0.9177027827116637,0.8479212253829321,1.0,775,7582,139,0,0.5011666548291004,0.08328490868210796,0.52,0.5277419354838709,,,3766.5593,4.185276508331299
model,dataset,n_window,f1,precision,recall,TP,TN,FP,FN,ROC/AUC,threshold,Hit@100%,Hit@150%,NDCG@100%,NDCG@150%,overall_mse,training_time_s
VanillaTransformer,SMAP,10,0.9171597633136095,0.8469945355191257,1.0,775,7581,140,0,0.4462398736583511,0.033102878704667105,0.5341935483870968,0.5458064516129032,,,3766.4932,1.5536162853240967
model,dataset,n_window,f1,precision,recall,TP,TN,FP,FN,ROC/AUC,threshold,Hit@100%,Hit@150%,NDCG@100%,NDCG@150%,overall_mse,training_time_s
VanillaTransformer,SMAP,10,0.9171597633136095,0.8469945355191257,1.0,775,7581,140,0,0.4462398736583511,0.033102878704667105,0.5341935483870968,0.5458064516129032,,,3766.4932,2.0361430644989014
model,dataset,n_window,f1,precision,recall,TP,TN,FP,FN,ROC/AUC,threshold,Hit@100%,Hit@150%,NDCG@100%,NDCG@150%,overall_mse,training_time_s
TranAD,SMAP,10,0.9411050394656952,0.8887614678899083,1.0,775,7624,97,0,0.5266504004579049,0.20918885797262193,0.4270967741935484,0.5174193548387097,,,3766.4675,3.0982913970947266
model,dataset,n_window,f1,precision,recall,TP,TN,FP,FN,ROC/AUC,threshold,Hit@100%,Hit@150%,NDCG@100%,NDCG@150%,overall_mse,training_time_s
ConvLSTMAttentionAutoencoder,SMAP,10,0.9286998202516477,0.8668903803131991,1.0,775,7602,119,0,0.4347350961558548,0.06460573107004168,0.6464516129032258,0.6477419354838709,,,3766.5034,14.449798107147217
model,dataset,n_window,f1,precision,recall,TP,TN,FP,FN,ROC/AUC,threshold,Hit@100%,Hit@150%,NDCG@100%,NDCG@150%,overall_mse,training_time_s
ConvGRUAttentionAutoencoder,SMAP,10,0.9422492401215805,0.8908045977011494,1.0,775,7626,95,0,0.4314480407435106,0.06303006589412691,0.6464516129032258,0.6477419354838709,,,3766.4736,17.109662294387817
model,dataset,n_window,f1,precision,recall,TP,TN,FP,FN,ROC/AUC,threshold,Hit@100%,Hit@150%,NDCG@100%,NDCG@150%,overall_mse,training_time_s
LSTMAutoencoder,SMAP,10,0.9371221281741233,0.8816837315130831,1.0,775,7617,104,0,0.43849710258156427,0.0638348282873631,0.6438709677419355,0.6606451612903226,,,3766.4885,1.1008739471435547
model,dataset,n_window,f1,precision,recall,TP,TN,FP,FN,ROC/AUC,threshold,Hit@100%,Hit@150%,NDCG@100%,NDCG@150%,overall_mse,training_time_s
GRUAutoencoder,SMAP,10,0.9411050394656952,0.8887614678899083,1.0,775,7624,97,0,0.43231797652819504,0.061555389314889936,0.5264516129032258,0.5277419354838709,,,3766.4766,0.723231315612793
model,dataset,n_window,f1,precision,recall,TP,TN,FP,FN,ROC/AUC,threshold,Hit@100%,Hit@150%,NDCG@100%,NDCG@150%,overall_mse,training_time_s
GRUAutoencoder,SMAP,10,0.9411050394656952,0.8887614678899083,1.0,775,7624,97,0,0.43231797652819504,0.061555389314889936,0.5264516129032258,0.5277419354838709,,,3766.4766,0.6263959407806396
model,dataset,n_window,f1,precision,recall,TP,TN,FP,FN,ROC/AUC,threshold,Hit@100%,Hit@150%,NDCG@100%,NDCG@150%,overall_mse,training_time_s
ConvLSTMAutoencoder,SMAP,10,0.9359903381642513,0.8796821793416572,1.0,775,7615,106,0,0.4027651440771085,0.06045223869383336,0.6464516129032258,0.6606451612903226,,,3765.616,8.600653409957886
model,dataset,n_window,f1,precision,recall,TP,TN,FP,FN,ROC/AUC,threshold,Hit@100%,Hit@150%,NDCG@100%,NDCG@150%,overall_mse,training_time_s
TransformerEncoderDecoder,SMAP,10,0.9177027827116637,0.8479212253829321,1.0,775,7582,139,0,0.5007629798914565,0.08330903932452206,0.52,0.5277419354838709,,,3766.5593,3.888697385787964
model,dataset,n_window,f1,precision,recall,TP,TN,FP,FN,ROC/AUC,threshold,Hit@100%,Hit@150%,NDCG@100%,NDCG@150%,overall_mse,training_time_s
VanillaTransformer,SMAP,10,0.9171597633136095,0.8469945355191257,1.0,775,7581,140,0,0.4463875229265806,0.03313440427184106,0.5341935483870968,0.5458064516129032,,,3766.4932,1.3281629085540771
model,dataset,n_window,f1,precision,recall,TP,TN,FP,FN,ROC/AUC,threshold,Hit@100%,Hit@150%,NDCG@100%,NDCG@150%,overall_mse,training_time_s
TranAD,SMAP,10,0.9411050394656952,0.8887614678899083,1.0,775,7624,97,0,0.5266374487677093,0.2092279011011124,0.4270967741935484,0.5174193548387097,,,3766.4675,3.252302408218384
model,dataset,n_window,f1,precision,recall,TP,TN,FP,FN,ROC/AUC,threshold,Hit@100%,Hit@150%,NDCG@100%,NDCG@150%,overall_mse,training_time_s
ConvLSTMAttentionAutoencoder,SMAP,10,0.9286998202516477,0.8668903803131991,1.0,775,7602,119,0,0.4347353468337296,0.06461841225624088,0.6464516129032258,0.6477419354838709,,,3766.5034,8.440492391586304
model,dataset,n_window,f1,precision,recall,TP,TN,FP,FN,ROC/AUC,threshold,Hit@100%,Hit@150%,NDCG@100%,NDCG@150%,overall_mse,training_time_s
ConvGRUAttentionAutoencoder,SMAP,10,0.9422492401215805,0.8908045977011494,1.0,775,7626,95,0,0.43144603532051257,0.06304285123944284,0.6464516129032258,0.6477419354838709,,,3766.4736,11.295735120773315
model,dataset,n_window,f1,precision,recall,TP,TN,FP,FN,ROC/AUC,threshold,Hit@100%,Hit@150%,NDCG@100%,NDCG@150%,overall_mse,training_time_s
LSTMAutoencoder,SMAP,10,0.9242695289206917,0.8592017738359202,1.0,775,7594,127,0,0.43745762499425533,0.05885017745196829,0.5264516129032258,0.5380645161290323,,,3766.4783,1.3299646377563477
model,dataset,n_window,f1,precision,recall,TP,TN,FP,FN,ROC/AUC,threshold,Hit@100%,Hit@150%,NDCG@100%,NDCG@150%,overall_mse,training_time_s
LSTMAutoencoder,SMAP,10,0.9237187127532777,0.858250276854928,1.0,775,7593,128,0,0.4348999586381507,0.0530001299083233,0.6477419354838709,0.6619354838709678,,,3766.4724,1.127453327178955
model,dataset,n_window,f1,precision,recall,TP,TN,FP,FN,ROC/AUC,threshold,Hit@100%,Hit@150%,NDCG@100%,NDCG@150%,overall_mse,training_time_s
GRUAutoencoder,SMAP,10,0.9433962264150944,0.8928571428571429,1.0,775,7628,93,0,0.4099876750044913,0.05866280458867552,0.5238709677419355,0.5277419354838709,,,3766.4758,1.2892189025878906
model,dataset,n_window,f1,precision,recall,TP,TN,FP,FN,ROC/AUC,threshold,Hit@100%,Hit@150%,NDCG@100%,NDCG@150%,overall_mse,training_time_s
ConvLSTMAutoencoder,SMAP,10,0.9275882704967086,0.8649553571428571,1.0,775,7600,121,0,0.40145309608065144,0.05504238955676558,0.6464516129032258,0.6541935483870968,,,3765.7117,8.941099166870117
model,dataset,n_window,f1,precision,recall,TP,TN,FP,FN,ROC/AUC,threshold,Hit@100%,Hit@150%,NDCG@100%,NDCG@150%,overall_mse,training_time_s
TransformerEncoderDecoder,SMAP,10,0.9292565947242206,0.8678611422172452,1.0,775,7603,118,0,0.4383776963538903,0.06926135510206224,0.5187096774193548,0.52,,,3766.549,5.2849414348602295
model,dataset,n_window,f1,precision,recall,TP,TN,FP,FN,ROC/AUC,threshold,Hit@100%,Hit@150%,NDCG@100%,NDCG@150%,overall_mse,training_time_s
VanillaTransformer,SMAP,10,0.9064327485380117,0.8288770053475936,1.0,775,7561,160,0,0.44871590258657784,0.013788205161690735,0.672258064516129,0.7109677419354838,,,3766.4922,3.27909779548645
model,dataset,n_window,f1,precision,recall,TP,TN,FP,FN,ROC/AUC,threshold,Hit@100%,Hit@150%,NDCG@100%,NDCG@150%,overall_mse,training_time_s
TranAD,SMAP,10,0.9515039901780233,0.9074941451990632,1.0,775,7642,79,0,0.47546356605988693,0.12052952393889428,0.552258064516129,0.5703225806451613,,,3766.4602,3.8662614822387695
model,dataset,n_window,f1,precision,recall,TP,TN,FP,FN,ROC/AUC,threshold,Hit@100%,Hit@150%,NDCG@100%,NDCG@150%,overall_mse,training_time_s
ConvLSTMAttentionAutoencoder,SMAP,10,0.9298140371925615,0.8688340807174888,1.0,775,7604,117,0,0.3908886112863535,0.05740883380174638,0.28258064516129033,0.2929032258064516,,,3766.5085,9.889691591262817
model,dataset,n_window,f1,precision,recall,TP,TN,FP,FN,ROC/AUC,threshold,Hit@100%,Hit@150%,NDCG@100%,NDCG@150%,overall_mse,training_time_s
ConvGRUAttentionAutoencoder,SMAP,10,0.9376890502117362,0.8826879271070615,1.0,775,7618,103,0,0.3842225852409223,0.05581684306263925,0.6464516129032258,0.6464516129032258,,,3766.4602,12.293315172195435
model,dataset,n_window,f1,precision,recall,TP,TN,FP,FN,ROC/AUC,threshold,Hit@100%,Hit@150%,NDCG@100%,NDCG@150%,overall_mse,training_time_s
ConvLSTMAttentionRCLEDAutoencoder,SMD,10,0.69934890846419,0.5376914016489989,1.0,2739,23376,2355,0,0.9237171693334224,0.002346430341713144,0.012413289521723256,0.016794450529390288,,,8.585976,114.12782430648804
model,dataset,n_window,f1,precision,recall,TP,TN,FP,FN,ROC/AUC,threshold,Hit@100%,Hit@150%,NDCG@100%,NDCG@150%,overall_mse,training_time_s
ConvGRUAttentionRCLEDAutoencoder,SMD,10,0.7162656903765691,0.5579547769403137,1.0,2739,23561,2170,0,0.9284712948834283,0.000803153430460955,0.12303760496531581,0.21139101861993428,,,8.555117,147.254390001297
LSTMAutoencoder,SMD,0.8717998045495448,0.901481774523501,0.8440194943981271,2251,246,25566,416,0.5233315449624096,0.664222775724463,0.5464616090817994,0.6306724421663817,0.017792944954971975,33.8413143157959
GRUAutoencoder,SMD,0.824839264887159,0.8065209573395881,0.8440194943981271,2251,540,25272,416,0.49887492462059757,0.6532955701965826,0.5178661360687412,0.6097562260857169,0.01427933518654555,28.828341245651245
ConvGRUAutoencoder,SMD,0.7874469158994348,0.999999994226328,0.6494188202121528,1732,0,25812,935,0.5286335895801043,0.6459638973699716,0.598687150718234,0.6693420187506531,0.00895243903013427,3232.6920144557953
LSTMAutoencoder,SMAP,0.8722982783845379,0.773526362217928,0.9999999866310163,748,219,7538,0,1.0,1.0,1.0,1.0,0.053706568408761,12.638707160949707
GRUAutoencoder,SMAP,0.8758732869430795,0.7791666585503473,0.9999999866310163,748,212,7545,0,1.0,1.0,1.0,1.0,0.05261763164921704,2.5940887928009033
ConvLSTMAutoencoder,SMAP,0.8568106711873357,0.7494989904859821,0.9999999866310163,748,250,7507,0,1.0,1.0,1.0,1.0,0.0856850516973934,647.3996422290802
ConvGRUAutoencoder,SMAP,0.8607545807332332,0.7555555479236814,0.9999999866310163,748,242,7515,0,1.0,1.0,1.0,1.0,0.06268460028652058,282.5587546825409
ConvLSTMAttentionAutoencoder,SMAP,0.8573016822670453,0.7502507447316876,0.9999999866310163,748,249,7508,0,1.0,1.0,1.0,1.0,0.06297081834782998,811.898609161377
ConvGRUAttentionAutoencoder,SMAP,0.8607545807332332,0.7555555479236814,0.9999999866310163,748,242,7515,0,1.0,1.0,1.0,1.0,0.0553429949567352,177.97824597358704
TransformerEncoderDecoder,SMAP,0.8324937398389508,0.7130600503998089,0.9999999866310163,748,301,7456,0,1.0,1.0,1.0,1.0,0.010736442723173138,47.16366767883301
VanillaTransformer,SMAP,0.43533069933410445,0.4617691085192038,0.41176470037747726,308,359,7398,440,1.0,1.0,1.0,1.0,0.005419962211536297,12.239404916763306
ConvGRUAutoencoder,SMAP,0.8799950616746539,0.7857142774609845,0.9999999866310163,748,204,7553,0,1.0,1.0,1.0,1.0,0.0006395901184481551,951.0743162631989
ConvGRUAutoencoder,SMAP,0.472750282844466,0.5549549449557668,0.41176470037747726,308,247,7510,440,1.0,1.0,1.0,1.0,0.013926567227558142,1139.4611999988556
CAE_M,SMAP,0.8667389953404668,0.7648261680488122,0.9999999866310163,748,230,7527,0,1.0,1.0,1.0,1.0,0.11180887932971902,4.498226165771484
CAE_M,SMD,0.8200968974032775,0.6963350767111647,0.9973753243442994,2660,1160,24652,7,0.35995565358477655,0.49736863249236696,0.3312309266018332,0.4140252230596246,0.05667048781731696,136.43962001800537
CAE_M,SMAP,0.9072115269131061,0.8301886700312023,0.9999999866310163,748,153,7604,0,1.0,1.0,1.0,1.0,0.1189737863428346,4.0848472118377686
CAE_M,SMD,0.6784803965660007,0.5141090055776788,0.9973753243442994,2660,2514,23298,7,0.36749294587024545,0.5011583373506883,0.3388989950330566,0.419567214660419,0.049681651662724154,88.83030605316162
CAE_M,SMD,0.8110944248985744,0.6834532356540256,0.9973753243442994,2660,1232,24580,7,0.3321691643383287,0.4503120145696073,0.3114590058827315,0.38291019348637373,0.05705863100733061,8.205476999282837
CAE_M,SMAP,0.8697625165772608,0.7695473171857272,0.9999999866310163,748,224,7533,0,1.0,1.0,1.0,1.0,0.11258945344375819,0.7728819847106934
CAE_M,SMD,0.810476586898411,0.682576339023412,0.9973753243442994,2660,1237,24575,7,0.3620397104739788,0.49111494991697463,0.33517340816958385,0.4131253727619226,0.05706212132747399,94.90729570388794
LSTMAutoencoder,SMAP,0.8702684888233879,0.7703398478852745,0.9999999866310163,748,223,7534,0,1.0,1.0,1.0,1.0,0.051840292143408455,2.4970133304595947
LSTMAutoencoder,SMAP,0.8697625165772608,0.7695473171857272,0.9999999866310163,748,224,7533,0,1.0,1.0,1.0,1.0,0.051687468200460246,2.703227996826172
GRUAutoencoder,SMAP,0.8743375585285564,0.7767393481127793,0.9999999866310163,748,215,7542,0,1.0,1.0,1.0,1.0,0.05196326100687042,1.9026107788085938
LSTMAutoencoder,SMAP,0.8692571323316443,0.7687564155317943,0.9999999866310163,748,225,7532,0,1.0,1.0,1.0,1.0,0.05165213812685654,2.3064277172088623
LSTMAutoencoder,SMAP,POT,0.8692571323316443,0.7687564155317943,0.9999999866310163,748,225,7532,0,0.05164615057404458,1.0,1.0,1.0,1.0,2.239027261734009
LSTMAutoencoder,SMAP,Percentile_99,0.06378132118451026,0.2153846153846154,0.0374331550802139,28,102,7655,720,0.061407398117342436,,,,,
LSTMAutoencoder,SMAP,Percentile_99.5,0.050359712230215826,0.2441860465116279,0.02807486631016043,21,65,7692,727,0.0663344212093863,,,,,
LSTMAutoencoder,SMAP,Percentile_99.9,0.042027194066749075,0.2786885245901639,0.022727272727272728,17,44,7713,731,0.0709427721259288,,,,,
LSTMAutoencoder,SMAP,Mean_3Sigma,0.06092436974789916,0.14215686274509803,0.03877005347593583,29,175,7582,719,0.055689808697600714,,,,,
LSTMAutoencoder,SMAP,POT,0.8692571323316443,0.7687564155317943,0.9999999866310163,748,225,7532,0,0.05164567271719526,1.0,1.0,1.0,1.0,2.6942713260650635
LSTMAutoencoder,SMAP,Percentile_99,0.06378132118451026,0.2153846153846154,0.0374331550802139,28,102,7655,720,0.06140691371712404,,,,,
LSTMAutoencoder,SMAP,Percentile_99.5,0.050359712230215826,0.2441860465116279,0.02807486631016043,21,65,7692,727,0.06633448887722136,,,,,
LSTMAutoencoder,SMAP,Percentile_99.9,0.042027194066749075,0.2786885245901639,0.022727272727272728,17,44,7713,731,0.07094274103851998,,,,,
LSTMAutoencoder,SMAP,Mean_3Sigma,0.06092436974789916,0.14215686274509803,0.03877005347593583,29,175,7582,719,0.055689606321931304,,,,,
ConvLSTMAutoencoder,SMAP,POT,0.8485487068970227,0.736945805547332,0.9999999866310163,748,267,7490,0,0.06164609965628358,1.0,1.0,1.0,1.0,844.113689661026
ConvLSTMAutoencoder,SMAP,Percentile_99,0.05286343612334802,0.15,0.03208556149732621,24,136,7621,724,0.06851363147885299,,,,,
ConvLSTMAutoencoder,SMAP,Percentile_99.5,0.047225501770956316,0.20202020202020202,0.026737967914438502,20,79,7678,728,0.07317052897049652,,,,,
ConvLSTMAutoencoder,SMAP,Percentile_99.9,0.037082818294190356,0.2459016393442623,0.020053475935828877,15,46,7711,733,0.07853259959511592,,,,,
GRUAutoencoder,SMAP,POT,0.8743375585285564,0.7767393481127793,0.9999999866310163,748,215,7542,0,0.051734986650938584,1.0,1.0,1.0,1.0,3.2399744987487793
GRUAutoencoder,SMAP,Percentile_99,0.05092592592592592,0.1896551724137931,0.029411764705882353,22,94,7663,726,0.06052965935515899,,,,,
GRUAutoencoder,SMAP,Percentile_99.5,0.04611650485436893,0.25,0.02540106951871658,19,57,7700,729,0.06569714180118516,,,,,
GRUAutoencoder,SMAP,Percentile_99.9,0.037082818294190356,0.2459016393442623,0.020053475935828877,15,46,7711,733,0.07034948254708927,,,,,
GRUAutoencoder,SMAP,POT,0.8743375585285564,0.7767393481127793,0.9999999866310163,748,215,7542,0,0.05172183232062521,1.0,1.0,1.0,1.0,2.9456942081451416
GRUAutoencoder,SMAP,Percentile_99,0.05092592592592592,0.1896551724137931,0.029411764705882353,22,94,7663,726,0.060508177374561004,,,,,
GRUAutoencoder,SMAP,Percentile_99.5,0.04611650485436893,0.25,0.02540106951871658,19,57,7700,729,0.06566399082257594,,,,,
GRUAutoencoder,SMAP,Percentile_99.9,0.037082818294190356,0.2459016393442623,0.020053475935828877,15,46,7711,733,0.07033016889452978,,,,,
LSTMAutoencoder,SMAP,0.8692571323316443,0.7687564155317943,0.9999999866310163,748,225,7532,0,1.0,1.0,1.0,1.0,0.05164563066502444,3.410268783569336
LSTMAutoencoder,SMD,0.9971833749186355,0.9970014955134876,0.9973753243442994,2660,8,25804,7,0.6279283493941137,0.8482109379184744,0.36950644327353815,0.449805904468057,0.03655684377368807,
LSTMAutoencoder,SMD,0.9971833749186355,0.9970014955134876,0.9973753243442994,2660,8,25804,7,0.6279283493941137,0.8482109379184744,0.36950644327353815,0.449805904468057,0.03655684377368807,
LSTMAutoencoder,SMD,0.9971833749186355,0.9970014955134876,0.9973753243442994,2660,8,25804,7,0.6279283493941137,0.8482109379184744,0.36950644327353815,0.449805904468057,0.03655684377368807,
LSTMAutoencoder,SMAP,0.8789609853894123,0.784067077735146,0.9999999866310163,748,206,7551,0,1.0,1.0,1.0,1.0,0.1170080556720519,10.30471134185791
LSTMAutoencoder,SMD,0.1244651233046805,0.06685976329505247,0.899350620150954,277,3866,24526,31,0.027056277056277053,0.18939393939393942,0.239917976760082,0.3045237115152237,0.08778365118915706,
LSTMAutoencoder,SMD,0.9971833749186355,0.9970014955134876,0.9973753243442994,2660,8,25804,7,0.6279283493941137,0.8482109379184744,0.36950644327353815,0.449805904468057,0.03652339110870967,
LSTMAutoencoder,SMD,0.24595252753729807,0.9999998684210699,0.14022139962691146,76,0,23152,466,0.23291161483043396,0.3676155332981901,0.23538551174985428,0.30450742926833296,0.13076977670795392,
LSTMAutoencoder,SMD,0.49807070770931045,0.9999999742268049,0.33162392878953906,388,0,22524,782,0.39335442335442333,0.5057375957375957,0.32318938371569944,0.40130347154162416,0.16946517197550362,
LSTMAutoencoder,SMAP,0.8789609853894123,0.784067077735146,0.9999999866310163,748,206,7551,0,1.0,1.0,1.0,1.0,0.1170080556720519,
LSTMAutoencoder,SMAP,0.9733760049719093,0.9481424075221176,0.9999999918367348,1225,67,6917,0,1.0,1.0,1.0,1.0,0.11615116120145091,
LSTMAutoencoder,SMAP,0.01302409563184466,0.006554798103625068,0.99999980000004,50,7578,0,0,1.0,1.0,1.0,1.0,0.11920748992544047,
LSTMAutoencoder,SMAP,0.0,0.0,0.0,0,0,4570,3864,1.0,1.0,1.0,1.0,6.237472949137553e+17,
LSTMAutoencoder,SMD,0.9771221554034377,0.9691469878557716,0.9852398342206673,534,17,23135,8,0.23291161483043396,0.3676155332981901,0.23538551174985428,0.30450742926833296,0.05955050913440532,
LSTMAutoencoder,SMD,0.9771221554034377,0.9691469878557716,0.9852398342206673,534,17,23135,8,0.23291161483043396,0.3676155332981901,0.23538551174985428,0.30450742926833296,0.05955050913440532,
LSTMAutoencoder,SMD,0.6147322568315643,0.8742514446556021,0.4740259586355209,146,21,28371,162,0.027056277056277053,0.18939393939393942,0.239917976760082,0.3045237115152237,0.1302467404353122,
LSTMAutoencoder,SMD,0.9984934947817591,0.999624197671461,0.9973753243442994,2660,1,25811,7,0.6279283493941137,0.8482109379184744,0.36950644327353815,0.449805904468057,0.04848212474250038,
LSTMAutoencoder,SMD,0.8745352558123538,0.8379013246836231,0.9145299067134196,1070,207,22317,100,0.39335442335442333,0.5057375957375957,0.32318938371569944,0.40130347154162416,0.053150032617280914,
LSTMAutoencoder,SMAP,0.5805801839296872,0.9840255276669161,0.41176470037747726,308,5,7752,440,1.0,1.0,1.0,1.0,40000.15127342535,
LSTMAutoencoder,SMAP,0.5805801839296872,0.9840255276669161,0.41176470037747726,308,5,7752,440,1.0,1.0,1.0,1.0,40000.15127342535,
